Date as of,First week,Last week,State,County name,FIPS County Code,Deaths involving COVID-19,Deaths from All Causes
8/26/2020,2/1/2020,8/22/2020,AL,Autauga County,1001,19,287
8/26/2020,2/1/2020,8/22/2020,AL,Baldwin County,1003,38,1183
8/26/2020,2/1/2020,8/22/2020,AL,Butler County,1013,23,136
8/26/2020,2/1/2020,8/22/2020,AL,Calhoun County,1015,36,865
8/26/2020,2/1/2020,8/22/2020,AL,Clay County,1027,13,95
8/26/2020,2/1/2020,8/22/2020,AL,Colbert County,1033,24,355
8/26/2020,2/1/2020,8/22/2020,AL,Covington County,1039,48,325
8/26/2020,2/1/2020,8/22/2020,AL,Crenshaw County,1041,14,120
8/26/2020,2/1/2020,8/22/2020,AL,Cullman County,1043,19,575
8/26/2020,2/1/2020,8/22/2020,AL,Dale County,1045,44,287
8/26/2020,2/1/2020,8/22/2020,AL,Dallas County,1047,33,283
8/26/2020,2/1/2020,8/22/2020,AL,DeKalb County,1049,10,388
8/26/2020,2/1/2020,8/22/2020,AL,Elmore County,1051,29,403
8/26/2020,2/1/2020,8/22/2020,AL,Escambia County,1053,12,209
8/26/2020,2/1/2020,8/22/2020,AL,Etowah County,1055,72,920
8/26/2020,2/1/2020,8/22/2020,AL,Franklin County,1059,12,180
8/26/2020,2/1/2020,8/22/2020,AL,Houston County,1069,142,1143
8/26/2020,2/1/2020,8/22/2020,AL,Jefferson County,1073,405,5579
8/26/2020,2/1/2020,8/22/2020,AL,Lauderdale County,1077,32,794
8/26/2020,2/1/2020,8/22/2020,AL,Lee County,1081,111,750
8/26/2020,2/1/2020,8/22/2020,AL,Limestone County,1083,24,430
8/26/2020,2/1/2020,8/22/2020,AL,Madison County,1089,84,2306
8/26/2020,2/1/2020,8/22/2020,AL,Marengo County,1091,14,146
8/26/2020,2/1/2020,8/22/2020,AL,Marion County,1093,20,232
8/26/2020,2/1/2020,8/22/2020,AL,Marshall County,1095,41,686
8/26/2020,2/1/2020,8/22/2020,AL,Mobile County,1097,295,3058
8/26/2020,2/1/2020,8/22/2020,AL,Montgomery County,1101,266,1856
8/26/2020,2/1/2020,8/22/2020,AL,Morgan County,1103,32,761
8/26/2020,2/1/2020,8/22/2020,AL,Pike County,1109,12,169
8/26/2020,2/1/2020,8/22/2020,AL,St. Clair County,1115,14,454
8/26/2020,2/1/2020,8/22/2020,AL,Shelby County,1117,49,800
8/26/2020,2/1/2020,8/22/2020,AL,Talladega County,1121,10,459
8/26/2020,2/1/2020,8/22/2020,AL,Tallapoosa County,1123,62,327
8/26/2020,2/1/2020,8/22/2020,AL,Tuscaloosa County,1125,149,1333
8/26/2020,2/1/2020,8/22/2020,AL,Walker County,1127,50,585
8/26/2020,2/1/2020,8/22/2020,AL,Washington County,1129,10,79
8/26/2020,2/1/2020,8/22/2020,AK,Anchorage Borough,2020,20,1132
8/26/2020,2/1/2020,8/22/2020,AZ,Apache County,4001,35,268
8/26/2020,2/1/2020,8/22/2020,AZ,Cochise County,4003,24,632
8/26/2020,2/1/2020,8/22/2020,AZ,Coconino County,4005,119,730
8/26/2020,2/1/2020,8/22/2020,AZ,Gila County,4007,24,431
8/26/2020,2/1/2020,8/22/2020,AZ,Graham County,4009,16,189
8/26/2020,2/1/2020,8/22/2020,AZ,Maricopa County,4013,2849,25020
8/26/2020,2/1/2020,8/22/2020,AZ,Mohave County,4015,163,2087
8/26/2020,2/1/2020,8/22/2020,AZ,Navajo County,4017,55,624
8/26/2020,2/1/2020,8/22/2020,AZ,Pima County,4019,649,7240
8/26/2020,2/1/2020,8/22/2020,AZ,Pinal County,4021,67,1588
8/26/2020,2/1/2020,8/22/2020,AZ,Yavapai County,4025,69,1855
8/26/2020,2/1/2020,8/22/2020,AZ,Yuma County,4027,276,1316
8/26/2020,2/1/2020,8/22/2020,AR,Benton County,5007,82,1078
8/26/2020,2/1/2020,8/22/2020,AR,Columbia County,5027,12,156
8/26/2020,2/1/2020,8/22/2020,AR,Craighead County,5031,47,1114
8/26/2020,2/1/2020,8/22/2020,AR,Crittenden County,5035,14,200
8/26/2020,2/1/2020,8/22/2020,AR,Faulkner County,5045,11,573
8/26/2020,2/1/2020,8/22/2020,AR,Garland County,5051,48,1018
8/26/2020,2/1/2020,8/22/2020,AR,Jefferson County,5069,50,542
8/26/2020,2/1/2020,8/22/2020,AR,Little River County,5081,14,96
8/26/2020,2/1/2020,8/22/2020,AR,Newton County,5101,11,61
8/26/2020,2/1/2020,8/22/2020,AR,Pope County,5115,12,385
8/26/2020,2/1/2020,8/22/2020,AR,Pulaski County,5119,158,3646
8/26/2020,2/1/2020,8/22/2020,AR,Sebastian County,5131,38,1248
8/26/2020,2/1/2020,8/22/2020,AR,Union County,5139,17,309
8/26/2020,2/1/2020,8/22/2020,AR,Washington County,5143,86,1340
8/26/2020,2/1/2020,8/22/2020,CA,Alameda County,6001,247,6089
8/26/2020,2/1/2020,8/22/2020,CA,Amador County,6005,17,255
8/26/2020,2/1/2020,8/22/2020,CA,Butte County,6007,21,1231
8/26/2020,2/1/2020,8/22/2020,CA,Contra Costa County,6013,146,4636
8/26/2020,2/1/2020,8/22/2020,CA,Fresno County,6019,231,4558
8/26/2020,2/1/2020,8/22/2020,CA,Imperial County,6025,147,712
8/26/2020,2/1/2020,8/22/2020,CA,Kern County,6029,250,3827
8/26/2020,2/1/2020,8/22/2020,CA,Kings County,6031,91,583
8/26/2020,2/1/2020,8/22/2020,CA,Los Angeles County,6037,4780,42716
8/26/2020,2/1/2020,8/22/2020,CA,Madera County,6039,48,570
8/26/2020,2/1/2020,8/22/2020,CA,Marin County,6041,62,1150
8/26/2020,2/1/2020,8/22/2020,CA,Mendocino County,6045,10,470
8/26/2020,2/1/2020,8/22/2020,CA,Merced County,6047,44,909
8/26/2020,2/1/2020,8/22/2020,CA,Monterey County,6053,38,1538
8/26/2020,2/1/2020,8/22/2020,CA,Napa County,6055,17,731
8/26/2020,2/1/2020,8/22/2020,CA,Orange County,6059,951,12662
8/26/2020,2/1/2020,8/22/2020,CA,Placer County,6061,55,2251
8/26/2020,2/1/2020,8/22/2020,CA,Riverside County,6065,1017,10995
8/26/2020,2/1/2020,8/22/2020,CA,Sacramento County,6067,197,7140
8/26/2020,2/1/2020,8/22/2020,CA,San Bernardino County,6071,782,9467
8/26/2020,2/1/2020,8/22/2020,CA,San Diego County,6073,781,13698
8/26/2020,2/1/2020,8/22/2020,CA,San Francisco County,6075,85,3593
8/26/2020,2/1/2020,8/22/2020,CA,San Joaquin County,6077,269,3382
8/26/2020,2/1/2020,8/22/2020,CA,San Luis Obispo County,6079,19,1308
8/26/2020,2/1/2020,8/22/2020,CA,San Mateo County,6081,139,2729
8/26/2020,2/1/2020,8/22/2020,CA,Santa Barbara County,6083,86,1904
8/26/2020,2/1/2020,8/22/2020,CA,Santa Clara County,6085,217,6485
8/26/2020,2/1/2020,8/22/2020,CA,Shasta County,6089,10,1386
8/26/2020,2/1/2020,8/22/2020,CA,Solano County,6095,60,1993
8/26/2020,2/1/2020,8/22/2020,CA,Sonoma County,6097,55,2467
8/26/2020,2/1/2020,8/22/2020,CA,Stanislaus County,6099,268,3132
8/26/2020,2/1/2020,8/22/2020,CA,Tulare County,6107,206,1911
8/26/2020,2/1/2020,8/22/2020,CA,Ventura County,6111,109,3338
8/26/2020,2/1/2020,8/22/2020,CA,Yolo County,6113,33,675
8/26/2020,2/1/2020,8/22/2020,CO,Adams County,8001,254,2250
8/26/2020,2/1/2020,8/22/2020,CO,Arapahoe County,8005,390,2897
8/26/2020,2/1/2020,8/22/2020,CO,Boulder County,8013,82,1434
8/26/2020,2/1/2020,8/22/2020,CO,Broomfield County,8014,22,202
8/26/2020,2/1/2020,8/22/2020,CO,Chaffee County,8015,17,121
8/26/2020,2/1/2020,8/22/2020,CO,Denver County,8031,308,3295
8/26/2020,2/1/2020,8/22/2020,CO,Douglas County,8035,63,1000
8/26/2020,2/1/2020,8/22/2020,CO,El Paso County,8041,150,3093
8/26/2020,2/1/2020,8/22/2020,CO,Jefferson County,8059,226,2973
8/26/2020,2/1/2020,8/22/2020,CO,Larimer County,8069,52,1530
8/26/2020,2/1/2020,8/22/2020,CO,Mesa County,8077,17,1091
8/26/2020,2/1/2020,8/22/2020,CO,Montrose County,8085,14,247
8/26/2020,2/1/2020,8/22/2020,CO,Morgan County,8087,40,165
8/26/2020,2/1/2020,8/22/2020,CO,Pueblo County,8101,31,1250
8/26/2020,2/1/2020,8/22/2020,CO,Weld County,8123,116,1021
8/26/2020,2/1/2020,8/22/2020,CT,Fairfield County,9001,1399,4640
8/26/2020,2/1/2020,8/22/2020,CT,Hartford County,9003,1367,5603
8/26/2020,2/1/2020,8/22/2020,CT,Litchfield County,9005,130,849
8/26/2020,2/1/2020,8/22/2020,CT,Middlesex County,9007,173,846
8/26/2020,2/1/2020,8/22/2020,CT,New Haven County,9009,1042,5057
8/26/2020,2/1/2020,8/22/2020,CT,New London County,9011,97,1213
8/26/2020,2/1/2020,8/22/2020,CT,Tolland County,9013,46,413
8/26/2020,2/1/2020,8/22/2020,CT,Windham County,9015,12,472
8/26/2020,2/1/2020,8/22/2020,DE,Kent County,10001,103,1110
8/26/2020,2/1/2020,8/22/2020,DE,New Castle County,10003,267,3143
8/26/2020,2/1/2020,8/22/2020,DE,Sussex County,10005,180,1609
8/26/2020,2/1/2020,8/22/2020,DC,District of Columbia,11001,710,4218
8/26/2020,2/1/2020,8/22/2020,FL,Alachua County,12001,109,2155
8/26/2020,2/1/2020,8/22/2020,FL,Bay County,12005,67,1138
8/26/2020,2/1/2020,8/22/2020,FL,Brevard County,12009,198,4509
8/26/2020,2/1/2020,8/22/2020,FL,Broward County,12011,1192,10090
8/26/2020,2/1/2020,8/22/2020,FL,Charlotte County,12015,103,1839
8/26/2020,2/1/2020,8/22/2020,FL,Citrus County,12017,32,1609
8/26/2020,2/1/2020,8/22/2020,FL,Clay County,12019,72,1334
8/26/2020,2/1/2020,8/22/2020,FL,Collier County,12021,168,2304
8/26/2020,2/1/2020,8/22/2020,FL,Columbia County,12023,40,602
8/26/2020,2/1/2020,8/22/2020,FL,Duval County,12031,366,6173
8/26/2020,2/1/2020,8/22/2020,FL,Escambia County,12033,179,2848
8/26/2020,2/1/2020,8/22/2020,FL,Flagler County,12035,22,876
8/26/2020,2/1/2020,8/22/2020,FL,Hendry County,12051,15,120
8/26/2020,2/1/2020,8/22/2020,FL,Hernando County,12053,65,1734
8/26/2020,2/1/2020,8/22/2020,FL,Highlands County,12055,56,1087
8/26/2020,2/1/2020,8/22/2020,FL,Hillsborough County,12057,532,7573
8/26/2020,2/1/2020,8/22/2020,FL,Indian River County,12061,51,1341
8/26/2020,2/1/2020,8/22/2020,FL,Jackson County,12063,34,341
8/26/2020,2/1/2020,8/22/2020,FL,Lake County,12069,117,2502
8/26/2020,2/1/2020,8/22/2020,FL,Lee County,12071,363,4752
8/26/2020,2/1/2020,8/22/2020,FL,Leon County,12073,106,1748
8/26/2020,2/1/2020,8/22/2020,FL,Manatee County,12081,258,2770
8/26/2020,2/1/2020,8/22/2020,FL,Marion County,12083,113,3145
8/26/2020,2/1/2020,8/22/2020,FL,Martin County,12085,147,1285
8/26/2020,2/1/2020,8/22/2020,FL,Miami-Dade County,12086,1865,13970
8/26/2020,2/1/2020,8/22/2020,FL,Monroe County,12087,10,321
8/26/2020,2/1/2020,8/22/2020,FL,Okaloosa County,12091,55,1140
8/26/2020,2/1/2020,8/22/2020,FL,Okeechobee County,12093,12,255
8/26/2020,2/1/2020,8/22/2020,FL,Orange County,12095,436,6125
8/26/2020,2/1/2020,8/22/2020,FL,Osceola County,12097,143,1563
8/26/2020,2/1/2020,8/22/2020,FL,Palm Beach County,12099,829,10236
8/26/2020,2/1/2020,8/22/2020,FL,Pasco County,12101,131,3789
8/26/2020,2/1/2020,8/22/2020,FL,Pinellas County,12103,561,7809
8/26/2020,2/1/2020,8/22/2020,FL,Polk County,12105,363,4479
8/26/2020,2/1/2020,8/22/2020,FL,Putnam County,12107,19,480
8/26/2020,2/1/2020,8/22/2020,FL,St. Johns County,12109,21,1012
8/26/2020,2/1/2020,8/22/2020,FL,St. Lucie County,12111,118,2076
8/26/2020,2/1/2020,8/22/2020,FL,Santa Rosa County,12113,19,680
8/26/2020,2/1/2020,8/22/2020,FL,Sarasota County,12115,181,3712
8/26/2020,2/1/2020,8/22/2020,FL,Seminole County,12117,114,2063
8/26/2020,2/1/2020,8/22/2020,FL,Sumter County,12119,43,1427
8/26/2020,2/1/2020,8/22/2020,FL,Suwannee County,12121,11,208
8/26/2020,2/1/2020,8/22/2020,FL,Volusia County,12127,200,4589
8/26/2020,2/1/2020,8/22/2020,FL,Walton County,12131,18,387
8/26/2020,2/1/2020,8/22/2020,FL,Washington County,12133,14,164
8/26/2020,2/1/2020,8/22/2020,GA,Appling County,13001,13,91
8/26/2020,2/1/2020,8/22/2020,GA,Baldwin County,13009,41,269
8/26/2020,2/1/2020,8/22/2020,GA,Barrow County,13013,19,256
8/26/2020,2/1/2020,8/22/2020,GA,Bartow County,13015,50,583
8/26/2020,2/1/2020,8/22/2020,GA,Bibb County,13021,141,1639
8/26/2020,2/1/2020,8/22/2020,GA,Bulloch County,13031,21,375
8/26/2020,2/1/2020,8/22/2020,GA,Butts County,13035,19,150
8/26/2020,2/1/2020,8/22/2020,GA,Carroll County,13045,52,703
8/26/2020,2/1/2020,8/22/2020,GA,Chatham County,13051,105,2062
8/26/2020,2/1/2020,8/22/2020,GA,Cherokee County,13057,34,761
8/26/2020,2/1/2020,8/22/2020,GA,Clarke County,13059,66,913
8/26/2020,2/1/2020,8/22/2020,GA,Clayton County,13063,42,761
8/26/2020,2/1/2020,8/22/2020,GA,Cobb County,13067,318,3208
8/26/2020,2/1/2020,8/22/2020,GA,Coffee County,13069,32,243
8/26/2020,2/1/2020,8/22/2020,GA,Colquitt County,13071,32,329
8/26/2020,2/1/2020,8/22/2020,GA,Columbia County,13073,10,357
8/26/2020,2/1/2020,8/22/2020,GA,Coweta County,13077,21,557
8/26/2020,2/1/2020,8/22/2020,GA,Crisp County,13081,20,201
8/26/2020,2/1/2020,8/22/2020,GA,DeKalb County,13089,193,2817
8/26/2020,2/1/2020,8/22/2020,GA,Dougherty County,13095,172,884
8/26/2020,2/1/2020,8/22/2020,GA,Douglas County,13097,28,455
8/26/2020,2/1/2020,8/22/2020,GA,Early County,13099,14,83
8/26/2020,2/1/2020,8/22/2020,GA,Emanuel County,13107,13,137
8/26/2020,2/1/2020,8/22/2020,GA,Fayette County,13113,69,649
8/26/2020,2/1/2020,8/22/2020,GA,Floyd County,13115,43,903
8/26/2020,2/1/2020,8/22/2020,GA,Forsyth County,13117,39,893
8/26/2020,2/1/2020,8/22/2020,GA,Fulton County,13121,496,5209
8/26/2020,2/1/2020,8/22/2020,GA,Glynn County,13127,53,679
8/26/2020,2/1/2020,8/22/2020,GA,Gordon County,13129,17,292
8/26/2020,2/1/2020,8/22/2020,GA,Gwinnett County,13135,214,2400
8/26/2020,2/1/2020,8/22/2020,GA,Habersham County,13137,29,236
8/26/2020,2/1/2020,8/22/2020,GA,Hall County,13139,147,1576
8/26/2020,2/1/2020,8/22/2020,GA,Henry County,13151,65,1067
8/26/2020,2/1/2020,8/22/2020,GA,Houston County,13153,53,726
8/26/2020,2/1/2020,8/22/2020,GA,Jeff Davis County,13161,10,105
8/26/2020,2/1/2020,8/22/2020,GA,Jenkins County,13165,12,50
8/26/2020,2/1/2020,8/22/2020,GA,Lamar County,13171,12,81
8/26/2020,2/1/2020,8/22/2020,GA,Laurens County,13175,28,453
8/26/2020,2/1/2020,8/22/2020,GA,Lowndes County,13185,75,670
8/26/2020,2/1/2020,8/22/2020,GA,Mitchell County,13205,15,120
8/26/2020,2/1/2020,8/22/2020,GA,Monroe County,13207,16,160
8/26/2020,2/1/2020,8/22/2020,GA,Muscogee County,13215,178,1655
8/26/2020,2/1/2020,8/22/2020,GA,Newton County,13217,29,432
8/26/2020,2/1/2020,8/22/2020,GA,Oconee County,13219,13,207
8/26/2020,2/1/2020,8/22/2020,GA,Paulding County,13223,11,448
8/26/2020,2/1/2020,8/22/2020,GA,Pulaski County,13235,10,59
8/26/2020,2/1/2020,8/22/2020,GA,Richmond County,13245,202,2195
8/26/2020,2/1/2020,8/22/2020,GA,Rockdale County,13247,27,434
8/26/2020,2/1/2020,8/22/2020,GA,Spalding County,13255,70,671
8/26/2020,2/1/2020,8/22/2020,GA,Stephens County,13257,12,194
8/26/2020,2/1/2020,8/22/2020,GA,Sumter County,13261,36,199
8/26/2020,2/1/2020,8/22/2020,GA,Thomas County,13275,70,436
8/26/2020,2/1/2020,8/22/2020,GA,Tift County,13277,91,395
8/26/2020,2/1/2020,8/22/2020,GA,Toombs County,13279,16,278
8/26/2020,2/1/2020,8/22/2020,GA,Troup County,13285,73,502
8/26/2020,2/1/2020,8/22/2020,GA,Upson County,13293,65,334
8/26/2020,2/1/2020,8/22/2020,GA,Walton County,13297,37,481
8/26/2020,2/1/2020,8/22/2020,GA,Ware County,13299,45,377
8/26/2020,2/1/2020,8/22/2020,GA,Wayne County,13305,14,193
8/26/2020,2/1/2020,8/22/2020,GA,Whitfield County,13313,33,502
8/26/2020,2/1/2020,8/22/2020,HI,Honolulu County,15003,30,4605
8/26/2020,2/1/2020,8/22/2020,ID,Ada County,16001,128,2224
8/26/2020,2/1/2020,8/22/2020,ID,Canyon County,16027,50,864
8/26/2020,2/1/2020,8/22/2020,ID,Kootenai County,16055,26,1013
8/26/2020,2/1/2020,8/22/2020,ID,Nez Perce County,16069,17,309
8/26/2020,2/1/2020,8/22/2020,ID,Twin Falls County,16083,43,533
8/26/2020,2/1/2020,8/22/2020,IL,Adams County,17001,10,560
8/26/2020,2/1/2020,8/22/2020,IL,Boone County,17007,11,202
8/26/2020,2/1/2020,8/22/2020,IL,Cass County,17017,10,55
8/26/2020,2/1/2020,8/22/2020,IL,Champaign County,17019,23,1031
8/26/2020,2/1/2020,8/22/2020,IL,Coles County,17029,18,372
8/26/2020,2/1/2020,8/22/2020,IL,Cook County,17031,4802,29474
8/26/2020,2/1/2020,8/22/2020,IL,DeKalb County,17037,30,487
8/26/2020,2/1/2020,8/22/2020,IL,DuPage County,17043,492,4500
8/26/2020,2/1/2020,8/22/2020,IL,Jackson County,17077,33,370
8/26/2020,2/1/2020,8/22/2020,IL,Jefferson County,17081,17,341
8/26/2020,2/1/2020,8/22/2020,IL,Kane County,17089,266,2191
8/26/2020,2/1/2020,8/22/2020,IL,Kankakee County,17091,68,751
8/26/2020,2/1/2020,8/22/2020,IL,Lake County,17097,370,3465
8/26/2020,2/1/2020,8/22/2020,IL,LaSalle County,17099,26,607
8/26/2020,2/1/2020,8/22/2020,IL,McDonough County,17109,16,177
8/26/2020,2/1/2020,8/22/2020,IL,McHenry County,17111,80,1064
8/26/2020,2/1/2020,8/22/2020,IL,McLean County,17113,19,753
8/26/2020,2/1/2020,8/22/2020,IL,Macon County,17115,23,729
8/26/2020,2/1/2020,8/22/2020,IL,Madison County,17119,62,1559
8/26/2020,2/1/2020,8/22/2020,IL,Morgan County,17137,13,230
8/26/2020,2/1/2020,8/22/2020,IL,Peoria County,17143,52,1738
8/26/2020,2/1/2020,8/22/2020,IL,Rock Island County,17161,40,928
8/26/2020,2/1/2020,8/22/2020,IL,St. Clair County,17163,135,1585
8/26/2020,2/1/2020,8/22/2020,IL,Sangamon County,17167,47,1601
8/26/2020,2/1/2020,8/22/2020,IL,Will County,17197,286,2845
8/26/2020,2/1/2020,8/22/2020,IL,Winnebago County,17201,149,2016
8/26/2020,2/1/2020,8/22/2020,IN,Allen County,18003,199,2644
8/26/2020,2/1/2020,8/22/2020,IN,Bartholomew County,18005,58,535
8/26/2020,2/1/2020,8/22/2020,IN,Boone County,18011,41,291
8/26/2020,2/1/2020,8/22/2020,IN,Clark County,18019,46,627
8/26/2020,2/1/2020,8/22/2020,IN,Daviess County,18027,12,167
8/26/2020,2/1/2020,8/22/2020,IN,Dearborn County,18029,32,243
8/26/2020,2/1/2020,8/22/2020,IN,Decatur County,18031,20,173
8/26/2020,2/1/2020,8/22/2020,IN,Delaware County,18035,54,915
8/26/2020,2/1/2020,8/22/2020,IN,Elkhart County,18039,88,1071
8/26/2020,2/1/2020,8/22/2020,IN,Floyd County,18043,62,630
8/26/2020,2/1/2020,8/22/2020,IN,Grant County,18053,27,442
8/26/2020,2/1/2020,8/22/2020,IN,Greene County,18055,30,156
8/26/2020,2/1/2020,8/22/2020,IN,Hamilton County,18057,98,1220
8/26/2020,2/1/2020,8/22/2020,IN,Hancock County,18059,30,363
8/26/2020,2/1/2020,8/22/2020,IN,Harrison County,18061,14,200
8/26/2020,2/1/2020,8/22/2020,IN,Hendricks County,18063,140,929
8/26/2020,2/1/2020,8/22/2020,IN,Henry County,18065,11,289
8/26/2020,2/1/2020,8/22/2020,IN,Howard County,18067,63,659
8/26/2020,2/1/2020,8/22/2020,IN,Johnson County,18081,83,708
8/26/2020,2/1/2020,8/22/2020,IN,Lake County,18089,379,3670
8/26/2020,2/1/2020,8/22/2020,IN,La Porte County,18091,31,691
8/26/2020,2/1/2020,8/22/2020,IN,Lawrence County,18093,29,263
8/26/2020,2/1/2020,8/22/2020,IN,Madison County,18095,74,822
8/26/2020,2/1/2020,8/22/2020,IN,Marion County,18097,886,6542
8/26/2020,2/1/2020,8/22/2020,IN,Marshall County,18099,27,254
8/26/2020,2/1/2020,8/22/2020,IN,Monroe County,18105,51,813
8/26/2020,2/1/2020,8/22/2020,IN,Montgomery County,18107,17,202
8/26/2020,2/1/2020,8/22/2020,IN,Morgan County,18109,30,323
8/26/2020,2/1/2020,8/22/2020,IN,Newton County,18111,10,67
8/26/2020,2/1/2020,8/22/2020,IN,Noble County,18113,23,225
8/26/2020,2/1/2020,8/22/2020,IN,Orange County,18117,16,97
8/26/2020,2/1/2020,8/22/2020,IN,Perry County,18123,12,99
8/26/2020,2/1/2020,8/22/2020,IN,Porter County,18127,37,967
8/26/2020,2/1/2020,8/22/2020,IN,St. Joseph County,18141,92,1734
8/26/2020,2/1/2020,8/22/2020,IN,Shelby County,18145,26,243
8/26/2020,2/1/2020,8/22/2020,IN,Tippecanoe County,18157,32,887
8/26/2020,2/1/2020,8/22/2020,IN,Tipton County,18159,16,97
8/26/2020,2/1/2020,8/22/2020,IN,Vanderburgh County,18163,43,1550
8/26/2020,2/1/2020,8/22/2020,IN,Vigo County,18167,25,803
8/26/2020,2/1/2020,8/22/2020,IN,Warrick County,18173,24,549
8/26/2020,2/1/2020,8/22/2020,IN,Wayne County,18177,15,615
8/26/2020,2/1/2020,8/22/2020,IA,Black Hawk County,19013,73,799
8/26/2020,2/1/2020,8/22/2020,IA,Cerro Gordo County,19033,21,408
8/26/2020,2/1/2020,8/22/2020,IA,Clinton County,19045,10,249
8/26/2020,2/1/2020,8/22/2020,IA,Dallas County,19049,30,251
8/26/2020,2/1/2020,8/22/2020,IA,Dubuque County,19061,35,566
8/26/2020,2/1/2020,8/22/2020,IA,Jasper County,19099,21,173
8/26/2020,2/1/2020,8/22/2020,IA,Johnson County,19103,66,1040
8/26/2020,2/1/2020,8/22/2020,IA,Linn County,19113,87,1148
8/26/2020,2/1/2020,8/22/2020,IA,Mahaska County,19123,17,142
8/26/2020,2/1/2020,8/22/2020,IA,Marshall County,19127,18,251
8/26/2020,2/1/2020,8/22/2020,IA,Muscatine County,19139,36,202
8/26/2020,2/1/2020,8/22/2020,IA,Polk County,19153,260,2938
8/26/2020,2/1/2020,8/22/2020,IA,Pottawattamie County,19155,26,568
8/26/2020,2/1/2020,8/22/2020,IA,Poweshiek County,19157,10,119
8/26/2020,2/1/2020,8/22/2020,IA,Scott County,19163,18,1054
8/26/2020,2/1/2020,8/22/2020,IA,Story County,19169,19,352
8/26/2020,2/1/2020,8/22/2020,IA,Tama County,19171,18,88
8/26/2020,2/1/2020,8/22/2020,IA,Wapello County,19179,27,241
8/26/2020,2/1/2020,8/22/2020,IA,Washington County,19183,11,128
8/26/2020,2/1/2020,8/22/2020,IA,Webster County,19187,18,284
8/26/2020,2/1/2020,8/22/2020,IA,Woodbury County,19193,94,742
8/26/2020,2/1/2020,8/22/2020,KS,Finney County,20055,16,140
8/26/2020,2/1/2020,8/22/2020,KS,Ford County,20057,12,139
8/26/2020,2/1/2020,8/22/2020,KS,Johnson County,20091,128,2421
8/26/2020,2/1/2020,8/22/2020,KS,Lyon County,20111,11,148
8/26/2020,2/1/2020,8/22/2020,KS,Sedgwick County,20173,90,3328
8/26/2020,2/1/2020,8/22/2020,KS,Shawnee County,20177,25,1265
8/26/2020,2/1/2020,8/22/2020,KS,Wyandotte County,20209,115,1155
8/26/2020,2/1/2020,8/22/2020,KY,Boone County,21015,10,427
8/26/2020,2/1/2020,8/22/2020,KY,Boyle County,21021,13,269
8/26/2020,2/1/2020,8/22/2020,KY,Campbell County,21037,54,449
8/26/2020,2/1/2020,8/22/2020,KY,Daviess County,21059,28,747
8/26/2020,2/1/2020,8/22/2020,KY,Fayette County,21067,53,2826
8/26/2020,2/1/2020,8/22/2020,KY,Franklin County,21073,12,328
8/26/2020,2/1/2020,8/22/2020,KY,Graves County,21083,30,241
8/26/2020,2/1/2020,8/22/2020,KY,Hopkins County,21107,32,407
8/26/2020,2/1/2020,8/22/2020,KY,Jefferson County,21111,329,5893
8/26/2020,2/1/2020,8/22/2020,KY,Kenton County,21117,42,988
8/26/2020,2/1/2020,8/22/2020,KY,Laurel County,21125,11,359
8/26/2020,2/1/2020,8/22/2020,KY,McCracken County,21145,10,669
8/26/2020,2/1/2020,8/22/2020,KY,Shelby County,21211,13,147
8/26/2020,2/1/2020,8/22/2020,KY,Warren County,21227,74,918
8/26/2020,2/1/2020,8/22/2020,LA,Acadia Parish,22001,53,374
8/26/2020,2/1/2020,8/22/2020,LA,Ascension Parish,22005,29,331
8/26/2020,2/1/2020,8/22/2020,LA,Avoyelles Parish,22009,12,231
8/26/2020,2/1/2020,8/22/2020,LA,Beauregard Parish,22011,18,185
8/26/2020,2/1/2020,8/22/2020,LA,Bossier Parish,22015,58,552
8/26/2020,2/1/2020,8/22/2020,LA,Caddo Parish,22017,398,2361
8/26/2020,2/1/2020,8/22/2020,LA,Calcasieu Parish,22019,162,1455
8/26/2020,2/1/2020,8/22/2020,LA,Claiborne Parish,22027,10,93
8/26/2020,2/1/2020,8/22/2020,LA,De Soto Parish,22031,11,95
8/26/2020,2/1/2020,8/22/2020,LA,East Baton Rouge Parish,22033,612,3556
8/26/2020,2/1/2020,8/22/2020,LA,Evangeline Parish,22039,12,196
8/26/2020,2/1/2020,8/22/2020,LA,Iberia Parish,22045,52,484
8/26/2020,2/1/2020,8/22/2020,LA,Jefferson Parish,22051,719,3541
8/26/2020,2/1/2020,8/22/2020,LA,Jefferson Davis Parish,22053,26,220
8/26/2020,2/1/2020,8/22/2020,LA,Lafayette Parish,22055,171,1568
8/26/2020,2/1/2020,8/22/2020,LA,Lafourche Parish,22057,107,587
8/26/2020,2/1/2020,8/22/2020,LA,Lincoln Parish,22061,42,285
8/26/2020,2/1/2020,8/22/2020,LA,Livingston Parish,22063,10,431
8/26/2020,2/1/2020,8/22/2020,LA,Natchitoches Parish,22069,12,189
8/26/2020,2/1/2020,8/22/2020,LA,Orleans Parish,22071,397,2551
8/26/2020,2/1/2020,8/22/2020,LA,Ouachita Parish,22073,159,1203
8/26/2020,2/1/2020,8/22/2020,LA,Pointe Coupee Parish,22077,16,130
8/26/2020,2/1/2020,8/22/2020,LA,Rapides Parish,22079,164,1255
8/26/2020,2/1/2020,8/22/2020,LA,St. Bernard Parish,22087,16,160
8/26/2020,2/1/2020,8/22/2020,LA,St. Charles Parish,22089,28,229
8/26/2020,2/1/2020,8/22/2020,LA,St. James Parish,22093,14,84
8/26/2020,2/1/2020,8/22/2020,LA,St. John the Baptist Parish,22095,33,180
8/26/2020,2/1/2020,8/22/2020,LA,St. Landry Parish,22097,75,570
8/26/2020,2/1/2020,8/22/2020,LA,St. Martin Parish,22099,18,219
8/26/2020,2/1/2020,8/22/2020,LA,St. Mary Parish,22101,41,280
8/26/2020,2/1/2020,8/22/2020,LA,St. Tammany Parish,22103,229,1654
8/26/2020,2/1/2020,8/22/2020,LA,Tangipahoa Parish,22105,63,765
8/26/2020,2/1/2020,8/22/2020,LA,Terrebonne Parish,22109,82,693
8/26/2020,2/1/2020,8/22/2020,LA,Union Parish,22111,19,155
8/26/2020,2/1/2020,8/22/2020,LA,Vernon Parish,22115,15,187
8/26/2020,2/1/2020,8/22/2020,LA,Washington Parish,22117,28,258
8/26/2020,2/1/2020,8/22/2020,LA,Webster Parish,22119,13,256
8/26/2020,2/1/2020,8/22/2020,LA,Winn Parish,22127,12,84
8/26/2020,2/1/2020,8/22/2020,ME,Cumberland County,23005,87,2220
8/26/2020,2/1/2020,8/22/2020,ME,Kennebec County,23011,11,793
8/26/2020,2/1/2020,8/22/2020,ME,Waldo County,23027,16,178
8/26/2020,2/1/2020,8/22/2020,ME,York County,23031,10,864
8/26/2020,2/1/2020,8/22/2020,MD,Allegany County,24001,18,601
8/26/2020,2/1/2020,8/22/2020,MD,Anne Arundel County,24003,293,2826
8/26/2020,2/1/2020,8/22/2020,MD,Baltimore County,24005,626,5382
8/26/2020,2/1/2020,8/22/2020,MD,Calvert County,24009,15,374
8/26/2020,2/1/2020,8/22/2020,MD,Carroll County,24013,146,1062
8/26/2020,2/1/2020,8/22/2020,MD,Cecil County,24015,34,560
8/26/2020,2/1/2020,8/22/2020,MD,Charles County,24017,83,635
8/26/2020,2/1/2020,8/22/2020,MD,Frederick County,24021,123,1219
8/26/2020,2/1/2020,8/22/2020,MD,Harford County,24025,60,1236
8/26/2020,2/1/2020,8/22/2020,MD,Howard County,24027,89,1058
8/26/2020,2/1/2020,8/22/2020,MD,Kent County,24029,29,196
8/26/2020,2/1/2020,8/22/2020,MD,Montgomery County,24031,1065,5065
8/26/2020,2/1/2020,8/22/2020,MD,Prince George's County,24033,553,3699
8/26/2020,2/1/2020,8/22/2020,MD,St. Mary's County,24037,68,523
8/26/2020,2/1/2020,8/22/2020,MD,Talbot County,24041,22,389
8/26/2020,2/1/2020,8/22/2020,MD,Washington County,24043,35,1003
8/26/2020,2/1/2020,8/22/2020,MD,Wicomico County,24045,58,827
8/26/2020,2/1/2020,8/22/2020,MD,Worcester County,24047,32,400
8/26/2020,2/1/2020,8/22/2020,MD,Baltimore city,24510,597,5472
8/26/2020,2/1/2020,8/22/2020,MA,Barnstable County,25001,133,1671
8/26/2020,2/1/2020,8/22/2020,MA,Berkshire County,25003,41,899
8/26/2020,2/1/2020,8/22/2020,MA,Bristol County,25005,538,3313
8/26/2020,2/1/2020,8/22/2020,MA,Essex County,25009,995,4874
8/26/2020,2/1/2020,8/22/2020,MA,Franklin County,25011,36,349
8/26/2020,2/1/2020,8/22/2020,MA,Hampden County,25013,660,3605
8/26/2020,2/1/2020,8/22/2020,MA,Hampshire County,25015,108,803
8/26/2020,2/1/2020,8/22/2020,MA,Middlesex County,25017,1855,7838
8/26/2020,2/1/2020,8/22/2020,MA,Norfolk County,25021,745,3785
8/26/2020,2/1/2020,8/22/2020,MA,Plymouth County,25023,605,3055
8/26/2020,2/1/2020,8/22/2020,MA,Suffolk County,25025,1254,5586
8/26/2020,2/1/2020,8/22/2020,MA,Worcester County,25027,963,5087
8/26/2020,2/1/2020,8/22/2020,MI,Alpena County,26007,13,227
8/26/2020,2/1/2020,8/22/2020,MI,Bay County,26017,25,826
8/26/2020,2/1/2020,8/22/2020,MI,Berrien County,26021,64,995
8/26/2020,2/1/2020,8/22/2020,MI,Calhoun County,26025,36,944
8/26/2020,2/1/2020,8/22/2020,MI,Crawford County,26039,11,121
8/26/2020,2/1/2020,8/22/2020,MI,Genesee County,26049,268,3025
8/26/2020,2/1/2020,8/22/2020,MI,Grand Traverse County,26055,11,812
8/26/2020,2/1/2020,8/22/2020,MI,Gratiot County,26057,14,260
8/26/2020,2/1/2020,8/22/2020,MI,Hillsdale County,26059,23,260
8/26/2020,2/1/2020,8/22/2020,MI,Ingham County,26065,60,1797
8/26/2020,2/1/2020,8/22/2020,MI,Jackson County,26075,77,1089
8/26/2020,2/1/2020,8/22/2020,MI,Kalamazoo County,26077,101,1738
8/26/2020,2/1/2020,8/22/2020,MI,Kent County,26081,153,3522
8/26/2020,2/1/2020,8/22/2020,MI,Lapeer County,26087,32,504
8/26/2020,2/1/2020,8/22/2020,MI,Livingston County,26093,34,776
8/26/2020,2/1/2020,8/22/2020,MI,Macomb County,26099,675,5217
8/26/2020,2/1/2020,8/22/2020,MI,Marquette County,26103,12,404
8/26/2020,2/1/2020,8/22/2020,MI,Muskegon County,26121,74,1126
8/26/2020,2/1/2020,8/22/2020,MI,Oakland County,26125,1326,8558
8/26/2020,2/1/2020,8/22/2020,MI,Ottawa County,26139,37,1118
8/26/2020,2/1/2020,8/22/2020,MI,Saginaw County,26145,151,1603
8/26/2020,2/1/2020,8/22/2020,MI,St. Clair County,26147,45,979
8/26/2020,2/1/2020,8/22/2020,MI,Shiawassee County,26155,19,408
8/26/2020,2/1/2020,8/22/2020,MI,Tuscola County,26157,12,246
8/26/2020,2/1/2020,8/22/2020,MI,Washtenaw County,26161,264,2368
8/26/2020,2/1/2020,8/22/2020,MI,Wayne County,26163,2274,13088
8/26/2020,2/1/2020,8/22/2020,MN,Anoka County,27003,142,1282
8/26/2020,2/1/2020,8/22/2020,MN,Blue Earth County,27013,11,335
8/26/2020,2/1/2020,8/22/2020,MN,Clay County,27027,27,193
8/26/2020,2/1/2020,8/22/2020,MN,Crow Wing County,27035,14,344
8/26/2020,2/1/2020,8/22/2020,MN,Dakota County,27037,59,1328
8/26/2020,2/1/2020,8/22/2020,MN,Hennepin County,27053,854,6695
8/26/2020,2/1/2020,8/22/2020,MN,Nicollet County,27103,11,108
8/26/2020,2/1/2020,8/22/2020,MN,Olmsted County,27109,33,1169
8/26/2020,2/1/2020,8/22/2020,MN,Ramsey County,27123,358,3262
8/26/2020,2/1/2020,8/22/2020,MN,St. Louis County,27137,29,1524
8/26/2020,2/1/2020,8/22/2020,MN,Scott County,27139,17,385
8/26/2020,2/1/2020,8/22/2020,MN,Stearns County,27145,32,999
8/26/2020,2/1/2020,8/22/2020,MN,Washington County,27163,30,886
8/26/2020,2/1/2020,8/22/2020,MN,Winona County,27169,18,211
8/26/2020,2/1/2020,8/22/2020,MS,Adams County,28001,32,243
8/26/2020,2/1/2020,8/22/2020,MS,Alcorn County,28003,19,330
8/26/2020,2/1/2020,8/22/2020,MS,Attala County,28007,13,142
8/26/2020,2/1/2020,8/22/2020,MS,Bolivar County,28011,24,218
8/26/2020,2/1/2020,8/22/2020,MS,Coahoma County,28027,15,161
8/26/2020,2/1/2020,8/22/2020,MS,DeSoto County,28033,64,859
8/26/2020,2/1/2020,8/22/2020,MS,Forrest County,28035,153,976
8/26/2020,2/1/2020,8/22/2020,MS,Grenada County,28043,15,174
8/26/2020,2/1/2020,8/22/2020,MS,Hancock County,28045,10,217
8/26/2020,2/1/2020,8/22/2020,MS,Harrison County,28047,46,1358
8/26/2020,2/1/2020,8/22/2020,MS,Hinds County,28049,340,2763
8/26/2020,2/1/2020,8/22/2020,MS,Holmes County,28051,16,98
8/26/2020,2/1/2020,8/22/2020,MS,Jackson County,28059,49,885
8/26/2020,2/1/2020,8/22/2020,MS,Jones County,28067,61,435
8/26/2020,2/1/2020,8/22/2020,MS,Lafayette County,28071,57,466
8/26/2020,2/1/2020,8/22/2020,MS,Lamar County,28073,36,302
8/26/2020,2/1/2020,8/22/2020,MS,Lauderdale County,28075,195,905
8/26/2020,2/1/2020,8/22/2020,MS,Lee County,28081,137,1291
8/26/2020,2/1/2020,8/22/2020,MS,Leflore County,28083,73,331
8/26/2020,2/1/2020,8/22/2020,MS,Lincoln County,28085,39,248
8/26/2020,2/1/2020,8/22/2020,MS,Lowndes County,28087,60,487
8/26/2020,2/1/2020,8/22/2020,MS,Madison County,28089,38,609
8/26/2020,2/1/2020,8/22/2020,MS,Monroe County,28095,36,234
8/26/2020,2/1/2020,8/22/2020,MS,Neshoba County,28099,15,173
8/26/2020,2/1/2020,8/22/2020,MS,Oktibbeha County,28105,33,183
8/26/2020,2/1/2020,8/22/2020,MS,Pearl River County,28109,19,337
8/26/2020,2/1/2020,8/22/2020,MS,Pike County,28113,35,330
8/26/2020,2/1/2020,8/22/2020,MS,Rankin County,28121,25,594
8/26/2020,2/1/2020,8/22/2020,MS,Simpson County,28127,23,167
8/26/2020,2/1/2020,8/22/2020,MS,Sunflower County,28133,19,178
8/26/2020,2/1/2020,8/22/2020,MS,Tate County,28137,10,119
8/26/2020,2/1/2020,8/22/2020,MS,Tishomingo County,28141,14,151
8/26/2020,2/1/2020,8/22/2020,MS,Warren County,28149,52,363
8/26/2020,2/1/2020,8/22/2020,MS,Washington County,28151,54,422
8/26/2020,2/1/2020,8/22/2020,MS,Wayne County,28153,18,122
8/26/2020,2/1/2020,8/22/2020,MS,Webster County,28155,11,83
8/26/2020,2/1/2020,8/22/2020,MS,Winston County,28159,10,106
8/26/2020,2/1/2020,8/22/2020,MO,Boone County,29019,12,1214
8/26/2020,2/1/2020,8/22/2020,MO,Cape Girardeau County,29031,16,796
8/26/2020,2/1/2020,8/22/2020,MO,Cass County,29037,11,403
8/26/2020,2/1/2020,8/22/2020,MO,Clay County,29047,42,1292
8/26/2020,2/1/2020,8/22/2020,MO,Franklin County,29071,13,511
8/26/2020,2/1/2020,8/22/2020,MO,Greene County,29077,34,2423
8/26/2020,2/1/2020,8/22/2020,MO,Jackson County,29095,130,4443
8/26/2020,2/1/2020,8/22/2020,MO,Jasper County,29097,21,520
8/26/2020,2/1/2020,8/22/2020,MO,Jefferson County,29099,24,835
8/26/2020,2/1/2020,8/22/2020,MO,Newton County,29145,27,828
8/26/2020,2/1/2020,8/22/2020,MO,St. Charles County,29183,98,1734
8/26/2020,2/1/2020,8/22/2020,MO,St. Louis County,29189,680,7531
8/26/2020,2/1/2020,8/22/2020,MO,Scott County,29201,11,255
8/26/2020,2/1/2020,8/22/2020,MO,Taney County,29213,14,319
8/26/2020,2/1/2020,8/22/2020,MO,St. Louis city,29510,182,2646
8/26/2020,2/1/2020,8/22/2020,MT,Yellowstone County,30111,47,1110
8/26/2020,2/1/2020,8/22/2020,NE,Adams County,31001,12,179
8/26/2020,2/1/2020,8/22/2020,NE,Buffalo County,31019,14,317
8/26/2020,2/1/2020,8/22/2020,NE,Dakota County,31043,10,67
8/26/2020,2/1/2020,8/22/2020,NE,Dodge County,31053,11,242
8/26/2020,2/1/2020,8/22/2020,NE,Douglas County,31055,171,3085
8/26/2020,2/1/2020,8/22/2020,NE,Hall County,31079,37,303
8/26/2020,2/1/2020,8/22/2020,NE,Hamilton County,31081,14,48
8/26/2020,2/1/2020,8/22/2020,NE,Lancaster County,31109,36,1609
8/26/2020,2/1/2020,8/22/2020,NE,Sarpy County,31153,10,508
8/26/2020,2/1/2020,8/22/2020,NV,Clark County,32003,887,11276
8/26/2020,2/1/2020,8/22/2020,NV,Washoe County,32031,134,2772
8/26/2020,2/1/2020,8/22/2020,NV,Carson City,32510,11,630
8/26/2020,2/1/2020,8/22/2020,NH,Hillsborough County,33011,289,2292
8/26/2020,2/1/2020,8/22/2020,NH,Merrimack County,33013,24,902
8/26/2020,2/1/2020,8/22/2020,NH,Rockingham County,33015,82,1389
8/26/2020,2/1/2020,8/22/2020,NJ,Atlantic County,34001,201,1846
8/26/2020,2/1/2020,8/22/2020,NJ,Bergen County,34003,2044,6589
8/26/2020,2/1/2020,8/22/2020,NJ,Burlington County,34005,418,2387
8/26/2020,2/1/2020,8/22/2020,NJ,Camden County,34007,542,3970
8/26/2020,2/1/2020,8/22/2020,NJ,Cape May County,34009,72,689
8/26/2020,2/1/2020,8/22/2020,NJ,Cumberland County,34011,117,982
8/26/2020,2/1/2020,8/22/2020,NJ,Essex County,34013,1994,6169
8/26/2020,2/1/2020,8/22/2020,NJ,Gloucester County,34015,198,1671
8/26/2020,2/1/2020,8/22/2020,NJ,Hudson County,34017,1072,3205
8/26/2020,2/1/2020,8/22/2020,NJ,Hunterdon County,34019,119,589
8/26/2020,2/1/2020,8/22/2020,NJ,Mercer County,34021,515,2125
8/26/2020,2/1/2020,8/22/2020,NJ,Middlesex County,34023,1452,5378
8/26/2020,2/1/2020,8/22/2020,NJ,Monmouth County,34025,842,4430
8/26/2020,2/1/2020,8/22/2020,NJ,Morris County,34027,980,3823
8/26/2020,2/1/2020,8/22/2020,NJ,Ocean County,34029,813,4673
8/26/2020,2/1/2020,8/22/2020,NJ,Passaic County,34031,977,3093
8/26/2020,2/1/2020,8/22/2020,NJ,Salem County,34033,59,420
8/26/2020,2/1/2020,8/22/2020,NJ,Somerset County,34035,394,1717
8/26/2020,2/1/2020,8/22/2020,NJ,Sussex County,34037,158,793
8/26/2020,2/1/2020,8/22/2020,NJ,Union County,34039,986,3423
8/26/2020,2/1/2020,8/22/2020,NJ,Warren County,34041,138,647
8/26/2020,2/1/2020,8/22/2020,NM,Bernalillo County,35001,304,4347
8/26/2020,2/1/2020,8/22/2020,NM,Dona Ana County,35013,30,1081
8/26/2020,2/1/2020,8/22/2020,NM,McKinley County,35031,86,353
8/26/2020,2/1/2020,8/22/2020,NM,Sandoval County,35043,73,775
8/26/2020,2/1/2020,8/22/2020,NM,San Juan County,35045,175,745
8/26/2020,2/1/2020,8/22/2020,NM,Santa Fe County,35049,12,749
8/26/2020,2/1/2020,8/22/2020,NY,Albany County,36001,199,2281
8/26/2020,2/1/2020,8/22/2020,NY,Bronx County,36005,4259,11727
8/26/2020,2/1/2020,8/22/2020,NY,Broome County,36007,95,1424
8/26/2020,2/1/2020,8/22/2020,NY,Columbia County,36021,47,372
8/26/2020,2/1/2020,8/22/2020,NY,Dutchess County,36027,200,1687
8/26/2020,2/1/2020,8/22/2020,NY,Erie County,36029,702,6464
8/26/2020,2/1/2020,8/22/2020,NY,Fulton County,36035,31,297
8/26/2020,2/1/2020,8/22/2020,NY,Herkimer County,36043,11,271
8/26/2020,2/1/2020,8/22/2020,NY,Kings County,36047,6036,15888
8/26/2020,2/1/2020,8/22/2020,NY,Madison County,36053,12,296
8/26/2020,2/1/2020,8/22/2020,NY,Monroe County,36055,335,4799
8/26/2020,2/1/2020,8/22/2020,NY,Nassau County,36059,3217,10407
8/26/2020,2/1/2020,8/22/2020,NY,New York County,36061,3930,11938
8/26/2020,2/1/2020,8/22/2020,NY,Niagara County,36063,79,1302
8/26/2020,2/1/2020,8/22/2020,NY,Oneida County,36065,128,1657
8/26/2020,2/1/2020,8/22/2020,NY,Onondaga County,36067,241,3257
8/26/2020,2/1/2020,8/22/2020,NY,Ontario County,36069,31,632
8/26/2020,2/1/2020,8/22/2020,NY,Orange County,36071,472,2077
8/26/2020,2/1/2020,8/22/2020,NY,Orleans County,36073,44,204
8/26/2020,2/1/2020,8/22/2020,NY,Otsego County,36077,12,470
8/26/2020,2/1/2020,8/22/2020,NY,Putnam County,36079,69,347
8/26/2020,2/1/2020,8/22/2020,NY,Queens County,36081,5420,13955
8/26/2020,2/1/2020,8/22/2020,NY,Rensselaer County,36083,39,866
8/26/2020,2/1/2020,8/22/2020,NY,Richmond County,36085,974,3178
8/26/2020,2/1/2020,8/22/2020,NY,Rockland County,36087,652,1958
8/26/2020,2/1/2020,8/22/2020,NY,Schenectady County,36093,29,946
8/26/2020,2/1/2020,8/22/2020,NY,Steuben County,36101,36,545
8/26/2020,2/1/2020,8/22/2020,NY,Suffolk County,36103,2678,10030
8/26/2020,2/1/2020,8/22/2020,NY,Sullivan County,36105,43,385
8/26/2020,2/1/2020,8/22/2020,NY,Tioga County,36107,18,185
8/26/2020,2/1/2020,8/22/2020,NY,Ulster County,36111,56,835
8/26/2020,2/1/2020,8/22/2020,NY,Warren County,36113,42,568
8/26/2020,2/1/2020,8/22/2020,NY,Washington County,36115,12,313
8/26/2020,2/1/2020,8/22/2020,NY,Westchester County,36119,1865,6100
8/26/2020,2/1/2020,8/22/2020,NC,Alamance County,37001,18,777
8/26/2020,2/1/2020,8/22/2020,NC,Brunswick County,37019,12,532
8/26/2020,2/1/2020,8/22/2020,NC,Buncombe County,37021,67,1700
8/26/2020,2/1/2020,8/22/2020,NC,Burke County,37023,23,452
8/26/2020,2/1/2020,8/22/2020,NC,Cabarrus County,37025,50,893
8/26/2020,2/1/2020,8/22/2020,NC,Catawba County,37035,30,868
8/26/2020,2/1/2020,8/22/2020,NC,Chatham County,37037,44,419
8/26/2020,2/1/2020,8/22/2020,NC,Cleveland County,37045,10,533
8/26/2020,2/1/2020,8/22/2020,NC,Columbus County,37047,17,322
8/26/2020,2/1/2020,8/22/2020,NC,Craven County,37049,10,547
8/26/2020,2/1/2020,8/22/2020,NC,Cumberland County,37051,57,1338
8/26/2020,2/1/2020,8/22/2020,NC,Davidson County,37057,14,672
8/26/2020,2/1/2020,8/22/2020,NC,Duplin County,37061,17,213
8/26/2020,2/1/2020,8/22/2020,NC,Durham County,37063,120,1704
8/26/2020,2/1/2020,8/22/2020,NC,Forsyth County,37067,85,2329
8/26/2020,2/1/2020,8/22/2020,NC,Franklin County,37069,10,163
8/26/2020,2/1/2020,8/22/2020,NC,Gaston County,37071,23,1077
8/26/2020,2/1/2020,8/22/2020,NC,Guilford County,37081,159,2550
8/26/2020,2/1/2020,8/22/2020,NC,Harnett County,37085,24,405
8/26/2020,2/1/2020,8/22/2020,NC,Henderson County,37089,50,692
8/26/2020,2/1/2020,8/22/2020,NC,Hertford County,37091,20,140
8/26/2020,2/1/2020,8/22/2020,NC,Iredell County,37097,17,728
8/26/2020,2/1/2020,8/22/2020,NC,Johnston County,37101,21,611
8/26/2020,2/1/2020,8/22/2020,NC,Lenoir County,37107,16,297
8/26/2020,2/1/2020,8/22/2020,NC,Mecklenburg County,37119,200,3886
8/26/2020,2/1/2020,8/22/2020,NC,Moore County,37125,37,720
8/26/2020,2/1/2020,8/22/2020,NC,Nash County,37127,10,440
8/26/2020,2/1/2020,8/22/2020,NC,New Hanover County,37129,38,1413
8/26/2020,2/1/2020,8/22/2020,NC,Orange County,37135,54,692
8/26/2020,2/1/2020,8/22/2020,NC,Pasquotank County,37139,16,274
8/26/2020,2/1/2020,8/22/2020,NC,Pitt County,37147,38,1281
8/26/2020,2/1/2020,8/22/2020,NC,Randolph County,37151,18,601
8/26/2020,2/1/2020,8/22/2020,NC,Robeson County,37155,42,601
8/26/2020,2/1/2020,8/22/2020,NC,Rowan County,37159,48,720
8/26/2020,2/1/2020,8/22/2020,NC,Union County,37179,27,656
8/26/2020,2/1/2020,8/22/2020,NC,Vance County,37181,41,269
8/26/2020,2/1/2020,8/22/2020,NC,Wake County,37183,165,3107
8/26/2020,2/1/2020,8/22/2020,NC,Wayne County,37191,44,748
8/26/2020,2/1/2020,8/22/2020,NC,Wilson County,37195,27,418
8/26/2020,2/1/2020,8/22/2020,ND,Burleigh County,38015,15,655
8/26/2020,2/1/2020,8/22/2020,ND,Cass County,38017,97,1127
8/26/2020,2/1/2020,8/22/2020,ND,Grand Forks County,38035,12,387
8/26/2020,2/1/2020,8/22/2020,OH,Allen County,39003,47,811
8/26/2020,2/1/2020,8/22/2020,OH,Ashtabula County,39007,34,547
8/26/2020,2/1/2020,8/22/2020,OH,Butler County,39017,66,1759
8/26/2020,2/1/2020,8/22/2020,OH,Clark County,39023,11,912
8/26/2020,2/1/2020,8/22/2020,OH,Columbiana County,39029,46,645
8/26/2020,2/1/2020,8/22/2020,OH,Cuyahoga County,39035,556,9325
8/26/2020,2/1/2020,8/22/2020,OH,Darke County,39037,24,296
8/26/2020,2/1/2020,8/22/2020,OH,Erie County,39043,23,635
8/26/2020,2/1/2020,8/22/2020,OH,Fairfield County,39045,25,783
8/26/2020,2/1/2020,8/22/2020,OH,Franklin County,39049,597,7945
8/26/2020,2/1/2020,8/22/2020,OH,Geauga County,39055,47,529
8/26/2020,2/1/2020,8/22/2020,OH,Hamilton County,39061,247,5774
8/26/2020,2/1/2020,8/22/2020,OH,Hancock County,39063,10,480
8/26/2020,2/1/2020,8/22/2020,OH,Lake County,39085,25,1121
8/26/2020,2/1/2020,8/22/2020,OH,Licking County,39089,33,873
8/26/2020,2/1/2020,8/22/2020,OH,Lorain County,39093,53,1532
8/26/2020,2/1/2020,8/22/2020,OH,Lucas County,39095,347,3319
8/26/2020,2/1/2020,8/22/2020,OH,Mahoning County,39099,257,2181
8/26/2020,2/1/2020,8/22/2020,OH,Marion County,39101,32,406
8/26/2020,2/1/2020,8/22/2020,OH,Medina County,39103,22,756
8/26/2020,2/1/2020,8/22/2020,OH,Miami County,39109,27,565
8/26/2020,2/1/2020,8/22/2020,OH,Montgomery County,39113,127,4346
8/26/2020,2/1/2020,8/22/2020,OH,Ottawa County,39123,16,182
8/26/2020,2/1/2020,8/22/2020,OH,Pickaway County,39129,13,271
8/26/2020,2/1/2020,8/22/2020,OH,Portage County,39133,45,783
8/26/2020,2/1/2020,8/22/2020,OH,Putnam County,39137,11,133
8/26/2020,2/1/2020,8/22/2020,OH,Richland County,39139,13,776
8/26/2020,2/1/2020,8/22/2020,OH,Sandusky County,39143,10,293
8/26/2020,2/1/2020,8/22/2020,OH,Stark County,39151,141,2715
8/26/2020,2/1/2020,8/22/2020,OH,Summit County,39153,194,3643
8/26/2020,2/1/2020,8/22/2020,OH,Trumbull County,39155,58,1200
8/26/2020,2/1/2020,8/22/2020,OH,Tuscarawas County,39157,13,613
8/26/2020,2/1/2020,8/22/2020,OH,Warren County,39165,24,959
8/26/2020,2/1/2020,8/22/2020,OH,Washington County,39167,24,454
8/26/2020,2/1/2020,8/22/2020,OH,Wayne County,39169,55,641
8/26/2020,2/1/2020,8/22/2020,OH,Wood County,39173,35,718
8/26/2020,2/1/2020,8/22/2020,OK,Caddo County,40015,11,158
8/26/2020,2/1/2020,8/22/2020,OK,Cleveland County,40027,62,1084
8/26/2020,2/1/2020,8/22/2020,OK,Comanche County,40031,15,582
8/26/2020,2/1/2020,8/22/2020,OK,Delaware County,40041,17,267
8/26/2020,2/1/2020,8/22/2020,OK,Muskogee County,40101,22,528
8/26/2020,2/1/2020,8/22/2020,OK,Oklahoma County,40109,218,5758
8/26/2020,2/1/2020,8/22/2020,OK,Tulsa County,40143,220,4717
8/26/2020,2/1/2020,8/22/2020,OK,Washington County,40147,37,403
8/26/2020,2/1/2020,8/22/2020,OR,Clackamas County,41005,38,1991
8/26/2020,2/1/2020,8/22/2020,OR,Deschutes County,41017,12,948
8/26/2020,2/1/2020,8/22/2020,OR,Linn County,41043,10,817
8/26/2020,2/1/2020,8/22/2020,OR,Marion County,41047,63,1659
8/26/2020,2/1/2020,8/22/2020,OR,Multnomah County,41051,135,3812
8/26/2020,2/1/2020,8/22/2020,OR,Umatilla County,41059,23,352
8/26/2020,2/1/2020,8/22/2020,OR,Washington County,41067,50,2045
8/26/2020,2/1/2020,8/22/2020,OR,Yamhill County,41071,13,521
8/26/2020,2/1/2020,8/22/2020,PA,Adams County,42001,14,510
8/26/2020,2/1/2020,8/22/2020,PA,Allegheny County,42003,340,9162
8/26/2020,2/1/2020,8/22/2020,PA,Beaver County,42007,93,1106
8/26/2020,2/1/2020,8/22/2020,PA,Berks County,42011,359,2437
8/26/2020,2/1/2020,8/22/2020,PA,Blair County,42013,15,1001
8/26/2020,2/1/2020,8/22/2020,PA,Bucks County,42017,571,3818
8/26/2020,2/1/2020,8/22/2020,PA,Butler County,42019,10,1033
8/26/2020,2/1/2020,8/22/2020,PA,Carbon County,42025,18,342
8/26/2020,2/1/2020,8/22/2020,PA,Chester County,42029,405,2669
8/26/2020,2/1/2020,8/22/2020,PA,Columbia County,42037,26,251
8/26/2020,2/1/2020,8/22/2020,PA,Cumberland County,42041,102,1451
8/26/2020,2/1/2020,8/22/2020,PA,Dauphin County,42043,177,1954
8/26/2020,2/1/2020,8/22/2020,PA,Delaware County,42045,736,3387
8/26/2020,2/1/2020,8/22/2020,PA,Erie County,42049,33,1721
8/26/2020,2/1/2020,8/22/2020,PA,Franklin County,42055,49,917
8/26/2020,2/1/2020,8/22/2020,PA,Lackawanna County,42069,238,1810
8/26/2020,2/1/2020,8/22/2020,PA,Lancaster County,42071,411,3253
8/26/2020,2/1/2020,8/22/2020,PA,Lawrence County,42073,17,584
8/26/2020,2/1/2020,8/22/2020,PA,Lebanon County,42075,52,821
8/26/2020,2/1/2020,8/22/2020,PA,Lehigh County,42077,494,3043
8/26/2020,2/1/2020,8/22/2020,PA,Luzerne County,42079,183,2342
8/26/2020,2/1/2020,8/22/2020,PA,Lycoming County,42081,26,740
8/26/2020,2/1/2020,8/22/2020,PA,Mercer County,42085,13,721
8/26/2020,2/1/2020,8/22/2020,PA,Monroe County,42089,108,842
8/26/2020,2/1/2020,8/22/2020,PA,Montgomery County,42091,1128,5687
8/26/2020,2/1/2020,8/22/2020,PA,Montour County,42093,30,655
8/26/2020,2/1/2020,8/22/2020,PA,Northampton County,42095,269,1774
8/26/2020,2/1/2020,8/22/2020,PA,Northumberland County,42097,15,408
8/26/2020,2/1/2020,8/22/2020,PA,Philadelphia County,42101,1579,10140
8/26/2020,2/1/2020,8/22/2020,PA,Pike County,42103,13,175
8/26/2020,2/1/2020,8/22/2020,PA,Schuylkill County,42107,31,926
8/26/2020,2/1/2020,8/22/2020,PA,Susquehanna County,42115,34,257
8/26/2020,2/1/2020,8/22/2020,PA,Washington County,42125,16,1346
8/26/2020,2/1/2020,8/22/2020,PA,Wayne County,42127,12,319
8/26/2020,2/1/2020,8/22/2020,PA,Westmoreland County,42129,39,1910
8/26/2020,2/1/2020,8/22/2020,PA,York County,42133,108,2444
8/26/2020,2/1/2020,8/22/2020,RI,Kent County,44003,107,900
8/26/2020,2/1/2020,8/22/2020,RI,Providence County,44007,826,4310
8/26/2020,2/1/2020,8/22/2020,RI,Washington County,44009,53,597
8/26/2020,2/1/2020,8/22/2020,SC,Aiken County,45003,29,981
8/26/2020,2/1/2020,8/22/2020,SC,Anderson County,45007,82,1472
8/26/2020,2/1/2020,8/22/2020,SC,Beaufort County,45013,42,898
8/26/2020,2/1/2020,8/22/2020,SC,Berkeley County,45015,42,807
8/26/2020,2/1/2020,8/22/2020,SC,Calhoun County,45017,10,84
8/26/2020,2/1/2020,8/22/2020,SC,Charleston County,45019,264,2912
8/26/2020,2/1/2020,8/22/2020,SC,Chesterfield County,45025,17,254
8/26/2020,2/1/2020,8/22/2020,SC,Clarendon County,45027,32,195
8/26/2020,2/1/2020,8/22/2020,SC,Colleton County,45029,30,318
8/26/2020,2/1/2020,8/22/2020,SC,Darlington County,45031,41,362
8/26/2020,2/1/2020,8/22/2020,SC,Dillon County,45033,11,182
8/26/2020,2/1/2020,8/22/2020,SC,Dorchester County,45035,31,545
8/26/2020,2/1/2020,8/22/2020,SC,Florence County,45041,220,1774
8/26/2020,2/1/2020,8/22/2020,SC,Georgetown County,45043,43,541
8/26/2020,2/1/2020,8/22/2020,SC,Greenville County,45045,239,3271
8/26/2020,2/1/2020,8/22/2020,SC,Greenwood County,45047,34,620
8/26/2020,2/1/2020,8/22/2020,SC,Hampton County,45049,13,113
8/26/2020,2/1/2020,8/22/2020,SC,Horry County,45051,174,2459
8/26/2020,2/1/2020,8/22/2020,SC,Jasper County,45053,21,191
8/26/2020,2/1/2020,8/22/2020,SC,Kershaw County,45055,10,357
8/26/2020,2/1/2020,8/22/2020,SC,Lancaster County,45057,26,470
8/26/2020,2/1/2020,8/22/2020,SC,Laurens County,45059,28,419
8/26/2020,2/1/2020,8/22/2020,SC,Lexington County,45063,121,1696
8/26/2020,2/1/2020,8/22/2020,SC,Orangeburg County,45075,67,646
8/26/2020,2/1/2020,8/22/2020,SC,Pickens County,45077,16,537
8/26/2020,2/1/2020,8/22/2020,SC,Richland County,45079,225,2491
8/26/2020,2/1/2020,8/22/2020,SC,Spartanburg County,45083,148,2200
8/26/2020,2/1/2020,8/22/2020,SC,Sumter County,45085,49,688
8/26/2020,2/1/2020,8/22/2020,SC,Williamsburg County,45089,10,163
8/26/2020,2/1/2020,8/22/2020,SC,York County,45091,24,1215
8/26/2020,2/1/2020,8/22/2020,SD,Minnehaha County,46099,108,1402
8/26/2020,2/1/2020,8/22/2020,SD,Pennington County,46103,40,708
8/26/2020,2/1/2020,8/22/2020,TN,Blount County,47009,11,782
8/26/2020,2/1/2020,8/22/2020,TN,Bradley County,47011,16,643
8/26/2020,2/1/2020,8/22/2020,TN,Davidson County,47037,313,5149
8/26/2020,2/1/2020,8/22/2020,TN,Hamblen County,47063,19,488
8/26/2020,2/1/2020,8/22/2020,TN,Hamilton County,47065,110,3187
8/26/2020,2/1/2020,8/22/2020,TN,Knox County,47093,85,3860
8/26/2020,2/1/2020,8/22/2020,TN,McMinn County,47107,12,351
8/26/2020,2/1/2020,8/22/2020,TN,Madison County,47113,82,1170
8/26/2020,2/1/2020,8/22/2020,TN,Maury County,47119,18,659
8/26/2020,2/1/2020,8/22/2020,TN,Montgomery County,47125,16,788
8/26/2020,2/1/2020,8/22/2020,TN,Putnam County,47141,28,715
8/26/2020,2/1/2020,8/22/2020,TN,Robertson County,47147,11,378
8/26/2020,2/1/2020,8/22/2020,TN,Rutherford County,47149,78,1592
8/26/2020,2/1/2020,8/22/2020,TN,Shelby County,47157,340,6465
8/26/2020,2/1/2020,8/22/2020,TN,Sullivan County,47163,30,1783
8/26/2020,2/1/2020,8/22/2020,TN,Sumner County,47165,76,947
8/26/2020,2/1/2020,8/22/2020,TN,Washington County,47179,15,1308
8/26/2020,2/1/2020,8/22/2020,TN,Williamson County,47187,28,723
8/26/2020,2/1/2020,8/22/2020,TN,Wilson County,47189,11,599
8/26/2020,2/1/2020,8/22/2020,TX,Angelina County,48005,38,640
8/26/2020,2/1/2020,8/22/2020,TX,Atascosa County,48013,11,207
8/26/2020,2/1/2020,8/22/2020,TX,Bell County,48027,61,1743
8/26/2020,2/1/2020,8/22/2020,TX,Bexar County,48029,1097,9566
8/26/2020,2/1/2020,8/22/2020,TX,Bowie County,48037,54,903
8/26/2020,2/1/2020,8/22/2020,TX,Brazoria County,48039,95,1331
8/26/2020,2/1/2020,8/22/2020,TX,Brazos County,48041,86,919
8/26/2020,2/1/2020,8/22/2020,TX,Brown County,48049,21,272
8/26/2020,2/1/2020,8/22/2020,TX,Burnet County,48053,17,272
8/26/2020,2/1/2020,8/22/2020,TX,Caldwell County,48055,12,194
8/26/2020,2/1/2020,8/22/2020,TX,Cameron County,48061,639,2410
8/26/2020,2/1/2020,8/22/2020,TX,Collin County,48085,158,3562
8/26/2020,2/1/2020,8/22/2020,TX,Comal County,48091,92,847
8/26/2020,2/1/2020,8/22/2020,TX,Dallas County,48113,787,10565
8/26/2020,2/1/2020,8/22/2020,TX,Denton County,48121,128,2441
8/26/2020,2/1/2020,8/22/2020,TX,DeWitt County,48123,18,113
8/26/2020,2/1/2020,8/22/2020,TX,Ector County,48135,67,844
8/26/2020,2/1/2020,8/22/2020,TX,Ellis County,48139,33,687
8/26/2020,2/1/2020,8/22/2020,TX,El Paso County,48141,381,3905
8/26/2020,2/1/2020,8/22/2020,TX,Fort Bend County,48157,172,2138
8/26/2020,2/1/2020,8/22/2020,TX,Galveston County,48167,219,1625
8/26/2020,2/1/2020,8/22/2020,TX,Grayson County,48181,26,1007
8/26/2020,2/1/2020,8/22/2020,TX,Gregg County,48183,64,1102
8/26/2020,2/1/2020,8/22/2020,TX,Guadalupe County,48187,52,596
8/26/2020,2/1/2020,8/22/2020,TX,Hale County,48189,29,138
8/26/2020,2/1/2020,8/22/2020,TX,Harris County,48201,1930,19124
8/26/2020,2/1/2020,8/22/2020,TX,Harrison County,48203,12,241
8/26/2020,2/1/2020,8/22/2020,TX,Hays County,48209,20,667
8/26/2020,2/1/2020,8/22/2020,TX,Hidalgo County,48215,840,3689
8/26/2020,2/1/2020,8/22/2020,TX,Hood County,48221,14,377
8/26/2020,2/1/2020,8/22/2020,TX,Hunt County,48231,22,524
8/26/2020,2/1/2020,8/22/2020,TX,Jefferson County,48245,132,1909
8/26/2020,2/1/2020,8/22/2020,TX,Karnes County,48255,10,71
8/26/2020,2/1/2020,8/22/2020,TX,Kleberg County,48273,13,139
8/26/2020,2/1/2020,8/22/2020,TX,Lamar County,48277,35,423
8/26/2020,2/1/2020,8/22/2020,TX,Lamb County,48279,13,84
8/26/2020,2/1/2020,8/22/2020,TX,Lavaca County,48285,12,125
8/26/2020,2/1/2020,8/22/2020,TX,Lubbock County,48303,150,2212
8/26/2020,2/1/2020,8/22/2020,TX,McLennan County,48309,72,1509
8/26/2020,2/1/2020,8/22/2020,TX,Matagorda County,48321,27,186
8/26/2020,2/1/2020,8/22/2020,TX,Maverick County,48323,40,230
8/26/2020,2/1/2020,8/22/2020,TX,Midland County,48329,43,653
8/26/2020,2/1/2020,8/22/2020,TX,Montgomery County,48339,202,3174
8/26/2020,2/1/2020,8/22/2020,TX,Nacogdoches County,48347,61,454
8/26/2020,2/1/2020,8/22/2020,TX,Nueces County,48355,258,2225
8/26/2020,2/1/2020,8/22/2020,TX,Panola County,48365,10,158
8/26/2020,2/1/2020,8/22/2020,TX,Parker County,48367,23,555
8/26/2020,2/1/2020,8/22/2020,TX,Potter County,48375,106,1264
8/26/2020,2/1/2020,8/22/2020,TX,Randall County,48381,11,369
8/26/2020,2/1/2020,8/22/2020,TX,Rockwall County,48397,39,497
8/26/2020,2/1/2020,8/22/2020,TX,Smith County,48423,104,2186
8/26/2020,2/1/2020,8/22/2020,TX,Starr County,48427,41,186
8/26/2020,2/1/2020,8/22/2020,TX,Tarrant County,48439,610,9335
8/26/2020,2/1/2020,8/22/2020,TX,Taylor County,48441,38,991
8/26/2020,2/1/2020,8/22/2020,TX,Tom Green County,48451,39,742
8/26/2020,2/1/2020,8/22/2020,TX,Travis County,48453,371,4208
8/26/2020,2/1/2020,8/22/2020,TX,Uvalde County,48463,12,146
8/26/2020,2/1/2020,8/22/2020,TX,Val Verde County,48465,30,180
8/26/2020,2/1/2020,8/22/2020,TX,Victoria County,48469,106,701
8/26/2020,2/1/2020,8/22/2020,TX,Walker County,48471,22,271
8/26/2020,2/1/2020,8/22/2020,TX,Washington County,48477,32,200
8/26/2020,2/1/2020,8/22/2020,TX,Webb County,48479,133,953
8/26/2020,2/1/2020,8/22/2020,TX,Wharton County,48481,20,208
8/26/2020,2/1/2020,8/22/2020,TX,Wichita County,48485,13,925
8/26/2020,2/1/2020,8/22/2020,TX,Williamson County,48491,137,2114
8/26/2020,2/1/2020,8/22/2020,TX,Wilson County,48493,13,213
8/26/2020,2/1/2020,8/22/2020,TX,Wise County,48497,13,353
8/26/2020,2/1/2020,8/22/2020,UT,Davis County,49011,16,1098
8/26/2020,2/1/2020,8/22/2020,UT,Salt Lake County,49035,243,4600
8/26/2020,2/1/2020,8/22/2020,UT,Utah County,49049,38,1608
8/26/2020,2/1/2020,8/22/2020,UT,Washington County,49053,35,1029
8/26/2020,2/1/2020,8/22/2020,UT,Weber County,49057,29,1165
8/26/2020,2/1/2020,8/22/2020,VT,Chittenden County,50007,49,950
8/26/2020,2/1/2020,8/22/2020,VA,Accomack County,51001,18,260
8/26/2020,2/1/2020,8/22/2020,VA,Albemarle County,51003,35,647
8/26/2020,2/1/2020,8/22/2020,VA,Arlington County,51013,157,889
8/26/2020,2/1/2020,8/22/2020,VA,Augusta County,51015,10,537
8/26/2020,2/1/2020,8/22/2020,VA,Chesterfield County,51041,69,1499
8/26/2020,2/1/2020,8/22/2020,VA,Culpeper County,51047,11,218
8/26/2020,2/1/2020,8/22/2020,VA,Fairfax County,51059,481,3386
8/26/2020,2/1/2020,8/22/2020,VA,Hanover County,51085,69,801
8/26/2020,2/1/2020,8/22/2020,VA,Henrico County,51087,158,2027
8/26/2020,2/1/2020,8/22/2020,VA,James City County,51095,11,402
8/26/2020,2/1/2020,8/22/2020,VA,Loudoun County,51107,128,1117
8/26/2020,2/1/2020,8/22/2020,VA,Mecklenburg County,51117,31,280
8/26/2020,2/1/2020,8/22/2020,VA,Northampton County,51131,15,83
8/26/2020,2/1/2020,8/22/2020,VA,Page County,51139,23,152
8/26/2020,2/1/2020,8/22/2020,VA,Prince William County,51153,114,1083
8/26/2020,2/1/2020,8/22/2020,VA,Rockingham County,51165,44,530
8/26/2020,2/1/2020,8/22/2020,VA,Shenandoah County,51171,34,281
8/26/2020,2/1/2020,8/22/2020,VA,Southampton County,51175,10,77
8/26/2020,2/1/2020,8/22/2020,VA,Spotsylvania County,51177,23,466
8/26/2020,2/1/2020,8/22/2020,VA,York County,51199,17,299
8/26/2020,2/1/2020,8/22/2020,VA,Alexandria city,51510,87,560
8/26/2020,2/1/2020,8/22/2020,VA,Charlottesville city,51540,44,615
8/26/2020,2/1/2020,8/22/2020,VA,Chesapeake city,51550,31,1068
8/26/2020,2/1/2020,8/22/2020,VA,Danville city,51590,16,465
8/26/2020,2/1/2020,8/22/2020,VA,Emporia city,51595,14,71
8/26/2020,2/1/2020,8/22/2020,VA,Fredericksburg city,51630,34,512
8/26/2020,2/1/2020,8/22/2020,VA,Galax city,51640,32,120
8/26/2020,2/1/2020,8/22/2020,VA,Hampton city,51650,14,682
8/26/2020,2/1/2020,8/22/2020,VA,Harrisonburg city,51660,15,163
8/26/2020,2/1/2020,8/22/2020,VA,Hopewell city,51670,13,191
8/26/2020,2/1/2020,8/22/2020,VA,Lynchburg city,51680,36,914
8/26/2020,2/1/2020,8/22/2020,VA,Manassas city,51683,84,325
8/26/2020,2/1/2020,8/22/2020,VA,Martinsville city,51690,19,231
8/26/2020,2/1/2020,8/22/2020,VA,Newport News city,51700,41,1160
8/26/2020,2/1/2020,8/22/2020,VA,Norfolk city,51710,67,1588
8/26/2020,2/1/2020,8/22/2020,VA,Petersburg city,51730,63,469
8/26/2020,2/1/2020,8/22/2020,VA,Portsmouth city,51740,34,627
8/26/2020,2/1/2020,8/22/2020,VA,Richmond city,51760,72,1771
8/26/2020,2/1/2020,8/22/2020,VA,Roanoke city,51770,38,1359
8/26/2020,2/1/2020,8/22/2020,VA,Salem city,51775,26,525
8/26/2020,2/1/2020,8/22/2020,VA,Suffolk city,51800,63,563
8/26/2020,2/1/2020,8/22/2020,VA,Virginia Beach city,51810,57,1847
8/26/2020,2/1/2020,8/22/2020,VA,Winchester city,51840,29,635
8/26/2020,2/1/2020,8/22/2020,WA,Benton County,53005,131,1182
8/26/2020,2/1/2020,8/22/2020,WA,Chelan County,53007,18,551
8/26/2020,2/1/2020,8/22/2020,WA,Clark County,53011,45,2351
8/26/2020,2/1/2020,8/22/2020,WA,Franklin County,53021,24,184
8/26/2020,2/1/2020,8/22/2020,WA,Island County,53029,13,340
8/26/2020,2/1/2020,8/22/2020,WA,King County,53033,650,8358
8/26/2020,2/1/2020,8/22/2020,WA,Kittitas County,53037,18,178
8/26/2020,2/1/2020,8/22/2020,WA,Pierce County,53053,135,4201
8/26/2020,2/1/2020,8/22/2020,WA,Skagit County,53057,18,713
8/26/2020,2/1/2020,8/22/2020,WA,Snohomish County,53061,158,3201
8/26/2020,2/1/2020,8/22/2020,WA,Spokane County,53063,103,3081
8/26/2020,2/1/2020,8/22/2020,WA,Thurston County,53067,16,1429
8/26/2020,2/1/2020,8/22/2020,WA,Whatcom County,53073,44,1036
8/26/2020,2/1/2020,8/22/2020,WA,Yakima County,53077,183,1323
8/26/2020,2/1/2020,8/22/2020,WV,Berkeley County,54003,11,551
8/26/2020,2/1/2020,8/22/2020,WV,Kanawha County,54039,37,1729
8/26/2020,2/1/2020,8/22/2020,WV,Mercer County,54055,10,438
8/26/2020,2/1/2020,8/22/2020,WV,Monongalia County,54061,21,961
8/26/2020,2/1/2020,8/22/2020,WV,Ohio County,54069,17,536
8/26/2020,2/1/2020,8/22/2020,WV,Wayne County,54099,10,145
8/26/2020,2/1/2020,8/22/2020,WI,Brown County,55009,64,1549
8/26/2020,2/1/2020,8/22/2020,WI,Dane County,55025,55,2638
8/26/2020,2/1/2020,8/22/2020,WI,Grant County,55043,14,250
8/26/2020,2/1/2020,8/22/2020,WI,Kenosha County,55059,72,908
8/26/2020,2/1/2020,8/22/2020,WI,La Crosse County,55063,11,831
8/26/2020,2/1/2020,8/22/2020,WI,Marathon County,55073,12,847
8/26/2020,2/1/2020,8/22/2020,WI,Milwaukee County,55079,453,5937
8/26/2020,2/1/2020,8/22/2020,WI,Outagamie County,55087,19,960
8/26/2020,2/1/2020,8/22/2020,WI,Ozaukee County,55089,52,670
8/26/2020,2/1/2020,8/22/2020,WI,Racine County,55101,61,1044
8/26/2020,2/1/2020,8/22/2020,WI,Rock County,55105,22,985
8/26/2020,2/1/2020,8/22/2020,WI,Sheboygan County,55117,13,642
8/26/2020,2/1/2020,8/22/2020,WI,Walworth County,55127,26,494
8/26/2020,2/1/2020,8/22/2020,WI,Washington County,55131,12,600
8/26/2020,2/1/2020,8/22/2020,WI,Waukesha County,55133,60,2058
8/26/2020,2/1/2020,8/22/2020,WI,Waupaca County,55135,13,349
8/26/2020,2/1/2020,8/22/2020,WI,Winnebago County,55139,17,970
